,Borough,Ratings
0,Bronx,7.069565217391303
1,Brooklyn,7.399999999999998
2,Manhattan,7.5473684210526315
3,Queens,7.365217391304347
4,Staten Island,6.972727272727275
